year,month,name
2015,4,LGU군인카드
2015,4,공화춘자장컵
2015,4,듀이트리울트라바이탈라이징스네일크림
2015,4,맥심모카골드마일드 커피믹스
2015,4,박카스에이 캔
2015,4,칠성사이다(캔)
2015,4,코카콜라(1.5L)
2015,4,코카콜라(250ml)
2015,4,포카리캔
2015,4,홍삼원세트
2015,4,코카콜라(250ml)
2015,4,포카리캔
2015,4,칠성사이다(캔)
2015,4,조지아맥스
2015,4,자유시간쿠키
2015,4,박카스에이 캔
2015,4,초코에몽
2015,4,신라면
2015,4,싱그린화장지
2015,4,코코팜 화이트 요구르트
2015,5,LGU군인카드
2015,5,뉴트리팩
2015,5,듀이트리울트라바이탈라이징스네일크림
2015,5,맥심모카골드마일드 커피믹스
2015,5,박카스에이 캔
2015,5,칠성사이다(캔)
2015,5,코카콜라(250㎖)
2015,5,코카콜라(1.5L)
2015,5,포카리캔
2015,5,홍삼원세트
2015,5,박카스에이 캔
2015,5,싱그린화장지
2015,5,신라면
2015,5,조지아맥스
2015,5,자유시간쿠키
2015,5,칠성사이다(캔)
2015,5,초코에몽
2015,5,코카콜라(250㎖)
2015,5,포카리캔
2015,5,환타오렌지
2015,6,LGU군인카드
2015,6,갈색설탕
2015,6,듀이트리울트라바이탈라이징스네일크림
2015,6,맥심모카골드마일드 커피믹스
2015,6,박카스에이 캔
2015,6,코카콜라(250㎖)
2015,6,코카콜라(1.5L)
2015,6,코카콜라600ml
2015,6,포카리캔
2015,6,홍삼원세트
2015,6,박카스에이 캔
2015,6,스프라이트
2015,6,싱그린화장지
2015,6,암바사캔
2015,6,조지아맥스
2015,6,칠성사이다(캔)
2015,6,코카콜라(250㎖)
2015,6,코코팜 화이트 요구르트
2015,6,포카리캔
2015,6,환타오렌지
2015,7,LGU군인카드
2015,7,듀이트리울트라바이탈라이징스네일크림
2015,7,맥심모카골드마일드 커피믹스
2015,7,박카스에이 캔
2015,7,칠성사이다(캔)
2015,7,코카콜라(250㎖)
2015,7,코카콜라(1.5L)
2015,7,코카콜라600ml
2015,7,포카리캔
2015,7,홍삼원세트
2015,7,박카스에이 캔
2015,7,스프라이트
2015,7,싱그린화장지
2015,7,암바사캔
2015,7,조지아맥스
2015,7,칠성사이다(캔)
2015,7,코카콜라(250㎖)
2015,7,코코팜 화이트 요구르트
2015,7,포카리캔
2015,7,환타오렌지
2015,8,LGU군인카드
2015,8,듀이트리울트라바이탈라이징스네일크림
2015,8,맥심모카골드마일드 커피믹스
2015,8,박카스에이 캔
2015,8,칠성사이다(캔)
2015,8,코카콜라(250㎖)
2015,8,코카콜라(600㎖)
2015,8,코카콜라(1.5L)
2015,8,포카리캔
2015,8,홍삼원세트
2015,8,박카스에이 캔
2015,8,스프라이트
2015,8,싱그린화장지
2015,8,암바사캔
2015,8,조지아맥스
2015,8,칠성사이다(캔)
2015,8,코카콜라(250㎖)
2015,8,코코팜 화이트 요구르트
2015,8,포카리캔
2015,8,환타오렌지
2015,9,LGU군인카드
2015,9,뉴트리팩
2015,9,듀이트리울트라바이탈라이징스네일크림
2015,9,맥심모카골드마일드 커피믹스
2015,9,박카스에이 캔
2015,9,스팸
2015,9,코카콜라(250㎖)
2015,9,포카리캔
2015,9,홍삼원골드
2015,9,홍삼원세트
2015,9,박카스에이 캔
2015,9,신라면
2015,9,싱그린화장지
2015,9,조지아맥스
2015,9,초코에몽
2015,9,칠성사이다(캔)
2015,9,코카콜라(250㎖)
2015,9,코코팜 화이트 요구르트
2015,9,포카리캔
2015,9,환타오렌지
2015,10,공화춘자장컵
2015,10,LGU군인카드
2015,10,듀이트리울트라바이탈라이징스네일크림
2015,10,맥심모카골드마일드 커피믹스
2015,10,박카스에이 캔
2015,10,코카콜라(250㎖)
2015,10,크레마카라콜달팽이크림프리미어
2015,10,큰컵불닭볶음면
2015,10,포카리캔
2015,10,홍삼원세트
2015,10,박카스에이 캔
2015,10,신라면
2015,10,싱그린화장지
2015,10,자유시간쿠키
2015,10,조지아맥스
2015,10,초코에몽
2015,10,칠성사이다(캔)
2015,10,코카콜라(250㎖)
2015,10,코코팜 화이트 요구르트
2015,10,포카리캔
2015,11,공화춘자장컵
2015,11,LGU군인카드
2015,11,듀이트리울트라바이탈라이징스네일크림
2015,11,맥심모카골드마일드 커피믹스
2015,11,박카스에이 캔
2015,11,보온대
2015,11,신라면
2015,11,코카콜라(250㎖)
2015,11,크레마카라콜달팽이크림프리미어
2015,11,홍삼원세트
2015,11,박카스에이 캔
2015,11,보온대
2015,11,신라면
2015,11,싱그린화장지
2015,11,자유시간쿠키
2015,11,조지아맥스
2015,11,초코에몽
2015,11,칠성사이다(캔)
2015,11,코카콜라(250㎖)
2015,11,포카리캔
2015,12,공화춘자장컵
2015,12,뉴트리팩
2015,12,LGU군인카드
2015,12,듀이트리울트라바이탈라이징스네일크림
2015,12,맥심모카골드마일드 커피믹스
2015,12,보온대
2015,12,코카콜라(250㎖)
2015,12,크레마카라콜달팽이크림프리미어
2015,12,프루팁스
2015,12,홍삼원세트
2015,12,나무젓가락
2015,12,보온대
2015,12,신라면
2015,12,싱그린화장지
2015,12,자유시간쿠키
2015,12,조지아맥스
2015,12,초코에몽
2015,12,칠성사이다(캔)
2015,12,코카콜라(250㎖)
2015,12,포카리캔
2016,1,뉴트리팩
2016,1,LGU군인카드
2016,1,듀이트리울트라바이탈라이징스네일크림
2016,1,맥심모카골드마일드 커피믹스
2016,1,보온대
2016,1,코카콜라(250㎖)
2016,1,크레마카라콜달팽이크림프리미어
2016,1,프루팁스
2016,1,홍삼보운
2016,1,홍삼원세트
2016,1,보온대
2016,1,보온대(박상병핫팩)
2016,1,보온대(충성핫팩)주머니난로
2016,1,신라면
2016,1,싱그린화장지
2016,1,자유시간쿠키
2016,1,조지아맥스
2016,1,초코에몽
2016,1,츄츄케익파이_초코바닐라맛
2016,1,코카콜라(250㎖)
2016,2,뉴트리팩
2016,2,LGU군인카드
2016,2,듀이트리울트라바이탈라이징스네일크림
2016,2,맥심모카골드마일드 커피믹스
2016,2,스팸
2016,2,코카콜라(250㎖)
2016,2,크레마카라콜달팽이크림프리미어
2016,2,홍삼원골드
2016,2,홍삼보운
2016,2,홍삼원세트
2016,2,보온대
2016,2,신라면
2016,2,싱그린화장지
2016,2,자유시간쿠키
2016,2,조지아맥스
2016,2,초코에몽
2016,2,츄츄케익파이_초코바닐라맛
2016,2,칠성사이다(캔)
2016,2,킷캣청키
2016,2,코카콜라(250㎖)
2016,3,뉴트리팩
2016,3,LGU군인카드
2016,3,듀이트리울트라바이탈라이징스네일크림
2016,3,맥심모카골드마일드 커피믹스
2016,3,박카스에이 캔
2016,3,울트라바이탈라이징스네일스페셜기프트세트
2016,3,코카콜라(250㎖)
2016,3,크레마카라콜달팽이크림프리미어
2016,3,홍삼보운
2016,3,홍삼원세트
2016,3,박카스에이 캔
2016,3,신라면
2016,3,싱그린화장지
2016,3,자유시간쿠키
2016,3,조지아맥스
2016,3,초코에몽
2016,3,칠성사이다(캔)
2016,3,코카콜라(250㎖)
2016,3,트윅스
2016,3,포카리캔
2016,4,뉴트리팩
2016,4,LGU군인카드
2016,4,듀이트리울트라바이탈라이징스네일크림
2016,4,맥심모카골드마일드 커피믹스
2016,4,몽쉘딸기케이크(소)
2016,4,박카스에이 캔
2016,4,울트라바이탈라이징스네일스페셜기프트세트
2016,4,코카콜라(250㎖)
2016,4,홍삼보운
2016,4,홍삼원세트
2016,4,몽쉘딸기케이크(소)
2016,4,박카스에이 캔
2016,4,신라면
2016,4,싱그린화장지
2016,4,자유시간쿠키
2016,4,조지아맥스
2016,4,초코에몽
2016,4,칠성사이다(캔)
2016,4,코카콜라(250㎖)
2016,4,포카리캔
2016,5,뉴트리팩
2016,5,듀이트리울트라바이탈라이징스네일크림
2016,5,맥심모카골드마일드 커피믹스
2016,5,몽쉘딸기케이크(소)
2016,5,박카스에이 캔
2016,5,울트라바이탈라이징스네일스페셜기프트세트
2016,5,코카콜라(250㎖)
2016,5,홍삼보운
2016,5,홍삼원세트
2016,5,포카리캔
2016,5,몽쉘딸기케이크(소)
2016,5,박카스에이 캔
2016,5,신라면
2016,5,자유시간쿠키
2016,5,조지아맥스
2016,5,초코에몽
2016,5,칠성사이다(캔)
2016,5,코카콜라(250㎖)
2016,5,포카리캔
2016,5,파워에이드마운틴블라스트
2016,6,갈색설탕
2016,6,듀이트리울트라바이탈라이징스네일크림
2016,6,맥심모카골드마일드 커피믹스
2016,6,몽쉘딸기케이크(소)
2016,6,박카스에이 캔
2016,6,칠성사이다(캔)
2016,6,코카콜라(250㎖)
2016,6,홍삼보운
2016,6,홍삼원세트
2016,6,포카리캔
2016,6,몽쉘딸기케이크(소)
2016,6,박카스에이 캔
2016,6,신라면
2016,6,스프라이트
2016,6,조지아맥스
2016,6,초코에몽
2016,6,칠성사이다(캔)
2016,6,코카콜라(250㎖)
2016,6,포카리캔
2016,6,파워에이드마운틴블라스트
2016,7,듀이트리울트라바이탈라이징스네일크림
2016,7,맥심모카골드마일드 커피믹스
2016,7,몽쉘딸기케이크(소)
2016,7,박카스에이 캔
2016,7,칠성사이다(캔)
2016,7,코카콜라(250㎖)
2016,7,홍삼보운
2016,7,홍삼원세트
2016,7,홍삼정옥고
2016,7,포카리캔
2016,7,몽쉘딸기케이크(소)
2016,7,박카스에이 캔
2016,7,신라면
2016,7,스프라이트
2016,7,조지아맥스
2016,7,초코에몽
2016,7,칠성사이다(캔)
2016,7,코카콜라(250㎖)
2016,7,포카리캔
2016,7,파워에이드마운틴블라스트
2016,8,뉴트리팩
2016,8,듀이트리울트라바이탈라이징스네일크림
2016,8,맥심모카골드마일드 커피믹스
2016,8,몽쉘딸기케이크(소)
2016,8,박카스에이 캔
2016,8,코카콜라(250㎖)
2016,8,홍삼보운
2016,8,홍삼원세트
2016,8,홍삼정옥고
2016,8,포카리캔
2016,8,몽쉘딸기케이크(소)
2016,8,박카스에이 캔
2016,8,석수
2016,8,스프라이트
2016,8,조지아맥스
2016,8,칠성사이다(캔)
2016,8,코카콜라(250㎖)
2016,8,포카리캔
2016,8,포카리스웨트 분말
2016,8,파워에이드마운틴블라스트
2016,9,뉴트리팩
2016,9,듀이트리울트라바이탈라이징스네일크림
2016,9,맥심모카골드마일드 커피믹스
2016,9,스팸
2016,9,울트라바이탈라이징스네일스페셜기프트세트
2016,9,코카콜라(250㎖)
2016,9,홍삼보운
2016,9,홍삼원세트
2016,9,홍삼정옥고
2016,9,홍삼원골드
2016,9,몽쉘딸기케이크(소)
2016,9,박카스에이 캔
2016,9,신라면
2016,9,스프라이트
2016,9,조지아맥스
2016,9,칠성사이다(캔)
2016,9,코카콜라(250㎖)
2016,9,포카리캔
2016,9,포카리스웨트 분말
2016,9,파워에이드마운틴블라스트
2016,10,뉴트리팩
2016,10,듀이트리울트라바이탈라이징스네일크림
2016,10,맥심모카골드마일드 커피믹스
2016,10,몽쉘딸기케이크(소)
2016,10,박카스에이캔
2016,10,코카콜라(250㎖)
2016,10,포카리캔
2016,10,홍삼보운
2016,10,홍삼원세트
2016,10,홍삼정옥고
2016,10,박카스에이 캔
2016,10,신라면
2016,10,스프라이트
2016,10,조지아맥스
2016,10,자유시간쿠키
2016,10,칠성사이다(캔)
2016,10,초코에몽
2016,10,코카콜라(250㎖)
2016,10,포카리캔
2016,10,파워에이드마운틴블라스트
2016,11,듀이트리울트라바이탈라이징스네일크림
2016,11,맥심모카골드마일드 커피믹스
2016,11,몽쉘딸기케이크(소)
2016,11,보온대
2016,11,울트라바이탈라이징스네일스페셜기프트세트
2016,11,자민경크레마카라콜오리지날프리미어
2016,11,코카콜라(250㎖)
2016,11,홍삼보운
2016,11,홍삼원세트
2016,11,홍삼정옥고
2016,11,몽쉘딸기케이크(소)
2016,11,보온대
2016,11,보온대(충성핫팩)주머니난로
2016,11,신라면
2016,11,아몬드빼빼로
2016,11,조지아맥스
2016,11,자유시간쿠키
2016,11,칠성사이다(캔)
2016,11,코카콜라(250㎖)
2016,11,포카리캔
2016,12,듀이트리울트라바이탈라이징스네일크림
2016,12,맥심모카골드마일드 커피믹스
2016,12,보온대
2016,12,보온대(충성핫팩)주머니난로
2016,12,울트라바이탈라이징스네일스페셜기프트세트
2016,12,자민경크레마카라콜오리지날프리미어
2016,12,코카콜라(250㎖)
2016,12,홍삼보운
2016,12,홍삼원세트
2016,12,홍삼정옥고
2016,12,보온대
2016,12,보온대(충성핫팩)주머니난로
2016,12,보온대(박상병핫팩)
2016,12,신라면
2016,12,육개장사발면
2016,12,조지아맥스
2016,12,초코에몽
2016,12,칠성사이다(캔)
2016,12,코카콜라(250㎖)
2016,12,포카리캔
2017,1,뉴트리팩
2017,1,듀이트리울트라바이탈라이징스네일크림
2017,1,보온대
2017,1,스팸
2017,1,울트라바이탈라이징스네일스페셜기프트세트
2017,1,코카콜라(250㎖)
2017,1,홍삼원세트
2017,1,홍삼보운
2017,1,홍삼정옥고
2017,1,홍삼원골드
2017,1,네스퀵 초코 웨하스
2017,1,보온대
2017,1,보온대(충성핫팩)주머니난로
2017,1,보온대(박상병핫팩)
2017,1,빅팜불닭
2017,1,신라면
2017,1,조지아맥스
2017,1,칠성사이다(캔)
2017,1,킷캣청키38g
2017,1,코카콜라(250㎖)
2017,2,듀이트리울트라바이탈라이징스네일크림
2017,2,Dr.G레드-블래미쉬클리어크림_70ml
2017,2,맥심모카골드마일드 커피믹스
2017,2,몽쉘딸기케이크(소)
2017,2,울트라바이탈라이징스네일스페셜기프트세트
2017,2,자민경크레마카라콜오리지날프리미어
2017,2,코카콜라(250㎖)
2017,2,홍삼원세트
2017,2,홍삼보운
2017,2,홍삼정옥고
2017,2,네스퀵 초코 웨하스
2017,2,딸기 꿀딴지
2017,2,빅팜불닭
2017,2,신라면
2017,2,육개장사발면
2017,2,조지아맥스
2017,2,칠성사이다(캔)
2017,2,초코에몽
2017,2,킷캣청키38g
2017,2,코카콜라(250㎖)
2017,3,뉴트리팩
2017,3,듀이트리울트라바이탈라이징스네일크림
2017,3,Dr.G레드-블래미쉬클리어크림_70ml
2017,3,맥심모카골드마일드 커피믹스
2017,3,몽쉘딸기케이크(소)
2017,3,울트라바이탈라이징스네일스페셜기프트세트
2017,3,코카콜라(250㎖)
2017,3,홍삼원세트
2017,3,홍삼보운
2017,3,홍삼정옥고
2017,3,디샤가나슈
2017,3,딸기 꿀딴지
2017,3,빅팜 불닭
2017,3,신라면
2017,3,육개장사발면
2017,3,조지아맥스
2017,3,칠성사이다(캔)
2017,3,초코에몽
2017,3,코카콜라(250㎖)
2017,3,포카리캔
2017,4,뉴트리팩
2017,4,듀이트리울트라바이탈라이징스네일크림
2017,4,Dr.G레드-블래미쉬클리어크림_70ml
2017,4,맥심모카골드마일드 커피믹스
2017,4,몽쉘딸기케이크(소)
2017,4,울트라바이탈라이징스네일스페셜기프트세트
2017,4,코카콜라(250㎖)
2017,4,홍삼원세트
2017,4,홍삼보운
2017,4,홍삼정옥고
2017,4,빅팜 불닭
2017,4,신라면
2017,4,오로나민C
2017,4,육개장사발면
2017,4,조지아맥스
2017,4,칠성사이다(캔)
2017,4,코카콜라(250㎖)
2017,4,포카리캔
2017,4,포카리스웨트 분말
2017,4,파워에이드마운틴블라스트
2017,5,뉴트리팩
2017,5,듀이트리울트라바이탈라이징스네일크림
2017,5,맥심모카골드마일드 커피믹스
2017,5,몽쉘딸기케이크(소)
2017,5,울트라바이탈라이징스네일스페셜기프트세트
2017,5,코카콜라(250㎖)
2017,5,포카리스웨트 분말
2017,5,홍삼원세트
2017,5,홍삼보운
2017,5,홍삼정옥고
2017,5,빅팜 불닭
2017,5,신라면
2017,5,석수
2017,5,오로나민C
2017,5,조지아맥스
2017,5,칠성사이다(캔)
2017,5,코카콜라(250㎖)
2017,5,포카리캔
2017,5,포카리스웨트 분말
2017,5,파워에이드마운틴블라스트
2017,6,뉴트리팩
2017,6,듀이트리울트라바이탈라이징스네일크림
2017,6,맥심모카골드마일드 커피믹스
2017,6,맥심카누콜롬비아블랜드마일드로스트아메리카노
2017,6,코카콜라(250㎖)
2017,6,포카리스웨트 분말
2017,6,포카리캔
2017,6,홍삼원세트
2017,6,홍삼보운
2017,6,홍삼정옥고
2017,6,빅팜 불닭
2017,6,신라면
2017,6,석수
2017,6,오로나민C
2017,6,조지아맥스
2017,6,칠성사이다(캔)
2017,6,코카콜라(250㎖)
2017,6,포카리캔
2017,6,포카리스웨트 분말
2017,6,파워에이드마운틴블라스트
2017,7,뉴트리팩
2017,7,듀이트리울트라바이탈라이징스네일크림
2017,7,맥심모카골드마일드 커피믹스
2017,7,맥심카누콜롬비아블랜드마일드로스트아메리카노
2017,7,코카콜라(250㎖)
2017,7,포카리스웨트 분말
2017,7,포카리캔
2017,7,홍삼원세트
2017,7,홍삼보운
2017,7,홍삼정옥고
2017,7,빅팜 불닭
2017,7,박카스에이 캔
2017,7,신라면
2017,7,석수
2017,7,조지아맥스
2017,7,칠성사이다(캔)
2017,7,코카콜라(250㎖)
2017,7,포카리캔
2017,7,포카리스웨트 분말
2017,7,파워에이드마운틴블라스트
2017,8,뉴트리팩
2017,8,듀이트리울트라바이탈라이징스네일크림
2017,8,맥심모카골드마일드 커피믹스
2017,8,울트라바이탈라이징스네일스페셜기프트세트
2017,8,위네이지 스네일 매직크림
2017,8,코카콜라(250㎖)
2017,8,포카리스웨트 분말
2017,8,홍삼원세트
2017,8,홍삼보운
2017,8,홍삼정옥고
2017,8,빅팜 불닭
2017,8,스프라이트
2017,8,신라면
2017,8,석수
2017,8,조지아맥스
2017,8,칠성사이다(캔)
2017,8,코카콜라(250㎖)
2017,8,포카리캔
2017,8,포카리스웨트 분말
2017,8,파워에이드마운틴블라스트
2017,9,뉴트리팩
2017,9,듀이트리울트라바이탈라이징스네일크림
2017,9,울트라바이탈라이징스네일스페셜기프트세트
2017,9,위네이지 스네일 매직크림
2017,9,코카콜라(250㎖)
2017,9,홍삼원세트
2017,9,홍삼보운
2017,9,홍삼정옥고
2017,9,홍삼원골드
2017,9,하루홍삼
2017,9,빅팜 불닭
2017,9,박카스에이 캔
2017,9,신라면
2017,9,석수
2017,9,조지아맥스
2017,9,칠성사이다(캔)
2017,9,코카콜라(250㎖)
2017,9,포카리캔
2017,9,포카리스웨트 분말
2017,9,파워에이드마운틴블라스트
2017,10,뉴트리팩
2017,10,듀이트리울트라바이탈라이징스네일크림
2017,10,Dr.G레드-블래미쉬클리어크림_70ml
2017,10,맥심모카골드마일드 커피믹스
2017,10,울트라바이탈라이징스네일스페셜기프트세트
2017,10,위네이지 스네일 매직크림
2017,10,코카콜라(250㎖)
2017,10,홍삼원세트
2017,10,홍삼보운
2017,10,홍삼정옥고
2017,10,빅팜 불닭
2017,10,신라면
2017,10,석수
2017,10,육개장사발면
2017,10,조지아맥스
2017,10,칠성사이다(캔)
2017,10,코카콜라(250㎖)
2017,10,포카리캔
2017,10,포카리스웨트 분말
2017,10,파워에이드마운틴블라스트
2017,11,듀이트리울트라바이탈라이징스네일크림
2017,11,Dr.G레드-블래미쉬클리어크림_70ml
2017,11,맥심모카골드마일드 커피믹스
2017,11,보온대
2017,11,울트라바이탈라이징스네일스페셜기프트세트
2017,11,위네이지 스네일 매직크림
2017,11,코카콜라(250㎖)
2017,11,홍삼원세트
2017,11,홍삼보운
2017,11,홍삼정옥고
2017,11,보온대
2017,11,보온대(충성핫팩)주머니난로
2017,11,빅팜 불닭
2017,11,신라면
2017,11,육개장사발면
2017,11,아몬드빼빼로
2017,11,조지아맥스
2017,11,칠성사이다(캔)
2017,11,코카콜라(250㎖)
2017,11,파워에이드마운틴블라스트
2017,12,듀이트리울트라바이탈라이징스네일크림
2017,12,Dr.G레드-블래미쉬클리어크림_70ml
2017,12,보온대(충성핫팩)주머니난로
2017,12,보온대
2017,12,울트라바이탈라이징스네일스페셜기프트세트
2017,12,위네이지 스네일 매직크림
2017,12,코카콜라(250㎖)
2017,12,홍삼원세트
2017,12,홍삼보운
2017,12,홍삼정옥고
2017,12,보온대
2017,12,보온대(충성핫팩)주머니난로
2017,12,보온대(박상병핫팩)
2017,12,신라면
2017,12,육개장사발면
2017,12,조지아맥스
2017,12,칠성사이다(캔)
2017,12,코카콜라(250㎖)
2017,12,킷캣청키38g
2017,12,혹한기 보온대
2018,1,듀이트리울트라바이탈라이징스네일크림
2018,1,닥터지 블랙 스네일 크림_50ml
2018,1,Dr.G레드-블래미쉬클리어크림_70ml
2018,1,레종 프렌치블랙
2018,1,말보로 골드 오리지널
2018,1,위네이지 스네일 매직크림
2018,1,에쎄체인지1mg
2018,1,홍삼보운
2018,1,홍삼원세트
2018,1,홍삼정옥고
2018,1,대용량주머니핫팩
2018,1,레종 프렌치블랙
2018,1,말보로 골드 오리지널
2018,1,보온대
2018,1,보온대(충성핫팩)주머니난로
2018,1,신라면
2018,1,참이슬fresh
2018,1,코카콜라(250㎖)
2018,1,카스맥주(캔)
2018,1,킷캣청키38g
2018,2,듀이트리울트라바이탈라이징스네일크림
2018,2,닥터지 블랙 스네일 크림_50ml
2018,2,Dr.G레드-블래미쉬클리어크림_70ml
2018,2,레종 프렌치블랙
2018,2,레종 휘바
2018,2,말보로 골드 오리지널
2018,2,위네이지 스네일 매직크림
2018,2,홍삼보운
2018,2,홍삼원세트
2018,2,홍삼정옥고
2018,2,레종 프렌치블랙
2018,2,말보로 골드 오리지널
2018,2,보온대
2018,2,빅팜 불닭
2018,2,신라면
2018,2,육개장사발면
2018,2,참이슬fresh
2018,2,코카콜라(250㎖)
2018,2,카스맥주(캔)
2018,2,칠성사이다(캔)
2018,3,듀이트리울트라바이탈라이징스네일크림
2018,3,닥터지 블랙 스네일 크림_50ml
2018,3,Dr.G레드-블래미쉬클리어크림_70ml
2018,3,닥터지 레드 블레미쉬 수딩 토너_400ml
2018,3,레종 프렌치블랙
2018,3,레종 휘바
2018,3,말보로 골드 오리지널
2018,3,위네이지 스네일 매직크림
2018,3,참존 마유크림 엑스트라 골든컴플렉스
2018,3,홍삼보운
2018,3,레종 프렌치블랙
2018,3,말보로 골드 오리지널
2018,3,빅팜 불닭
2018,3,석수
2018,3,신라면
2018,3,육개장사발면
2018,3,참이슬fresh
2018,3,코카콜라(250㎖)
2018,3,카스맥주(캔)
2018,3,칠성사이다(캔)
2018,4,닥터지 블랙 스네일 크림_50ml
2018,4,듀이트리울트라바이탈라이징스네일크림
2018,4,Dr.G레드-블래미쉬클리어크림_70ml
2018,4,레종 프렌치블랙
2018,4,레종 휘바
2018,4,말보로 골드 오리지널
2018,4,메비우스 엘에스에스 윈드블루
2018,4,참존 마유크림 엑스트라 골든컴플렉스
2018,4,홍삼보운
2018,4,홍삼원세트
2018,4,닥터지 블랙 스네일 크림_50ml
2018,4,레종 프렌치블랙
2018,4,말보로 골드 오리지널
2018,4,신라면
2018,4,제주삼다수 500ml
2018,4,참이슬fresh
2018,4,칠성사이다(캔)
2018,4,코카콜라(250㎖)
2018,4,카스맥주(캔)
2018,4,포카리캔
2018,5,닥터지 블랙 스네일 크림_50ml
2018,5,듀이트리울트라바이탈라이징스네일크림
2018,5,Dr.G레드-블래미쉬클리어크림_70ml
2018,5,레종 프렌치블랙
2018,5,레종 휘바
2018,5,말보로 골드 오리지널
2018,5,참존 마유크림 엑스트라 골든컴플렉스
2018,5,홍삼보운
2018,5,홍삼원세트
2018,5,홍삼정옥고
2018,5,닥터지 블랙 스네일 크림_50ml
2018,5,레종 프렌치블랙
2018,5,말보로 골드 오리지널
2018,5,참이슬fresh
2018,5,칠성사이다(캔)
2018,5,코카콜라(250㎖)
2018,5,카스맥주(캔)
2018,5,포카리캔
2018,5,파워에이드마운틴블라스트
2018,5,포카리스웨트 분말
2018,6,닥터지블랙스네일크림_50ml
2018,6,말보로골드오리지널
2018,6,레종프렌치블랙
2018,6,레종휘바
2018,6,홍삼보운
2018,6,참존마유크림엑스트라골든컴플렉스
2018,6,에쎄체인지1mg
2018,6,홍삼정옥고
2018,6,Dr.G레드-블래미쉬클리어크림_70ml
2018,6,카스맥주(캔)
2018,6,코카콜라(250㎖)
2018,6,카스맥주(캔)
2018,6,닥터지블랙스네일크림_50ml
2018,6,참이슬fresh
2018,6,말보로골드오리지널
2018,6,포카리캔
2018,6,칠성사이다(캔)
2018,6,파워에이드마운틴블라스트
2018,6,포카리스웨트분말
2018,6,레종프렌치블랙
2018,7,닥터지 블랙 스네일 크림_50ml
2018,7,말보로 골드 오리지널
2018,7,레종 프렌치블랙
2018,7,레종 휘바
2018,7,홍삼보운
2018,7,에쎄체인지1mg
2018,7,카스맥주(캔)
2018,7,참존 마유크림 엑스트라 골든컴플렉스
2018,7,홍삼정옥고
2018,7,Dr.G레드-블래미쉬클리어크림_70ml
2018,7,코카콜라(250㎖)
2018,7,카스맥주(캔)
2018,7,닥터지 블랙 스네일 크림_50ml
2018,7,참이슬fresh
2018,7,포카리스웨트 분말
2018,7,포카리캔
2018,7,파워에이드마운틴블라스트
2018,7,말보로 골드 오리지널
2018,7,칠성사이다(캔)
2018,7,제주삼다수 500ml
2018,8,닥터지 블랙 스네일 크림_50ml
2018,8,말보로 골드 오리지널
2018,8,레종 프렌치블랙
2018,8,홍삼보운
2018,8,레종 휘바
2018,8,에쎄체인지1mg
2018,8,카스맥주(캔)
2018,8,홍삼원세트
2018,8,홍삼정옥고
2018,8,Dr.G레드-블래미쉬클리어크림_70ml
2018,8,코카콜라(250㎖)
2018,8,카스맥주(캔)
2018,8,참이슬fresh
2018,8,닥터지 블랙 스네일 크림_50ml
2018,8,포카리스웨트 분말
2018,8,포카리캔
2018,8,파워에이드마운틴블라스트
2018,8,칠성사이다(캔)
2018,8,말보로 골드 오리지널
2018,8,제주삼다수 500ml
2018,9,닥터지 블랙 스네일 크림_50ml
2018,9,홍삼보운
2018,9,홍삼원세트
2018,9,말보로 골드 오리지널
2018,9,레종 프렌치블랙
2018,9,홍삼정옥고
2018,9,레종 휘바
2018,9,뉴트리팩
2018,9,하루홍삼
2018,9,참존 마유크림 엑스트라 골든컴플렉스
2018,9,카스맥주(캔)
2018,9,닥터지 블랙 스네일 크림_50ml
2018,9,코카콜라(250㎖)
2018,9,참이슬fresh
2018,9,메디힐 더블유에이치피 미백수분 블랙 마스크 이엑스
2018,9,포카리스웨트 분말
2018,9,말보로 골드 오리지널
2018,9,칠성사이다(캔)
2018,9,포카리캔
2018,9,파워에이드마운틴블라스트
2018,10,닥터지 블랙 스네일 크림_50ml
2018,10,말보로 골드 오리지널
2018,10,레종 프렌치블랙
2018,10,홍삼보운
2018,10,레종 휘바
2018,10,홍삼정옥고
2018,10,Dr.G레드-블래미쉬클리어크림_70ml
2018,10,에쎄체인지1mg
2018,10,참존 마유크림 엑스트라 골든컴플렉스
2018,10,홍삼원세트
2018,10,코카콜라(250㎖)
2018,10,터지 블랙 스네일 크림_50ml
2018,10,참이슬fresh
2018,10,카스맥주(캔)
2018,10,육개장사발면
2018,10,칠성사이다(캔)
2018,10,메디힐 더블유에이치피 미백수분 블랙 마스크 이엑스
2018,10,말보로 골드 오리지널
2018,10,제주삼다수 500ml
2018,10,신라면
2018,11,홍삼원세트
2018,11,에쎄체인지1mg
2018,11,레종 휘바
2018,11,참존 마유크림 엑스트라 골든컴플렉스
2018,11,Dr.G레드-블래미쉬클리어크림_70ml
2018,11,홍삼보운
2018,11,홍삼정옥고
2018,11,레종 프렌치블랙
2018,11,말보로 골드 오리지널
2018,11,닥터지 블랙 스네일 크림_50ml
2018,11,보온대
2018,11,닥터지 블랙 스네일 크림_50ml
2018,11,코카콜라(250㎖)
2018,11,참이슬fresh
2018,11,카스맥주(캔)
2018,11,메디힐 더블유에이치피 미백수분 블랙 마스크 이엑스
2018,11,육개장사발면
2018,11,말보로 골드 오리지널
2018,11,칠성사이다(캔)
2018,11,아몬드빼빼로
2018,12,닥터지 블랙 스네일 크림_50ml
2018,12,말보로 골드 오리지널
2018,12,레종 프렌치블랙
2018,12,홍삼정옥고
2018,12,Dr.G레드-블래미쉬클리어크림_70ml
2018,12,참존 마유크림 엑스트라 골든컴플렉스
2018,12,홍삼보운
2018,12,레종 휘바
2018,12,홍삼원세트
2018,12,닥터지 레드 블레미쉬 멀티 플루이드_100ml
2018,12,보온대
2018,12,닥터지 블랙 스네일 크림_50ml
2018,12,보온대(박상병핫팩)
2018,12,참이슬fresh
2018,12,코카콜라(250㎖)
2018,12,카스맥주(캔)
2018,12,보온대(충성핫팩)주머니난로
2018,12,메디힐 더블유에이치피 미백수분 블랙 마스크 이엑스
2018,12,육개장사발면
2018,12,신라면
2019,1,닥터지 블랙 스네일 크림_50ml
2019,1,홍삼원세트
2019,1,홍삼보운
2019,1,홍삼정옥고
2019,1,말보로 골드 오리지널
2019,1,참존 마유크림 엑스트라 골든컴플렉스
2019,1,Dr.G레드-블래미쉬클리어크림_70ml
2019,1,레종 프렌치블랙
2019,1,닥터지 레드 블레미쉬 멀티 플루이드_100ml
2019,1,닥터지 레드 블레미쉬 수딩 토너_400ml
2019,1,닥터지 블랙 스네일 크림_50ml
2019,1,보온대
2019,1,참이슬fresh
2019,1,카스맥주(캔)
2019,1,코카콜라(250㎖)
2019,1,메디힐 더블유에이치피 미백수분 블랙 마스크 이엑스
2019,1,육개장사발면
2019,1,신라면
2019,1,말보로 골드 오리지널
2019,1,칠성사이다(캔)
2019,2,닥터지 블랙 스네일 크림_50ml
2019,2,말보로 골드 오리지널
2019,2,홍삼보운
2019,2,홍삼원세트
2019,2,Dr.G레드-블래미쉬클리어크림_70ml
2019,2,홍삼정옥고
2019,2,참존 마유크림 엑스트라 골든컴플렉스
2019,2,레종 프렌치블랙
2019,2,닥터지 레드 블레미쉬 멀티 플루이드_100ml
2019,2,닥터지 레드 블레미쉬 수딩 토너_400ml
2019,2,닥터지 블랙 스네일 크림_50ml
2019,2,코카콜라
2019,2,참이슬fresh
2019,2,카스맥주(캔)
2019,2,메디힐 더블유에이치피 미백수분 블랙 마스크 이엑스
2019,2,신라면
2019,2,육개장사발면
2019,2,칠성사이다(캔)
2019,2,제주삼다수 500ml
2019,2,말보로 골드 오리지널
2019,3,닥터지 블랙 스네일 크림_50ml
2019,3,말보로 골드 오리지널
2019,3,Dr.G레드-블래미쉬클리어크림_70ml
2019,3,홍삼정옥고
2019,3,레종 프렌치블랙
2019,3,참존 마유크림 엑스트라 골든컴플렉스
2019,3,홍삼보운
2019,3,닥터지 레드 블레미쉬 멀티 플루이드_100ml
2019,3,닥터지 레드 블레미쉬 수딩 토너_400ml
2019,3,레종 휘바
2019,3,닥터지 블랙 스네일 크림_50ml
2019,3,코카콜라
2019,3,참이슬fresh
2019,3,카스맥주(캔)
2019,3,메디힐 더블유에이치피 미백수분 블랙 마스크 이엑스
2019,3,신라면
2019,3,육개장사발면
2019,3,칠성사이다(캔)
2019,3,제주삼다수 500ml
2019,3,말보로 골드 오리지널
2019,4,닥터지 블랙 스네일 크림_50ml
2019,4,말보로 골드 오리지널
2019,4,Dr.G레드-블래미쉬클리어크림_70ml
2019,4,홍삼정옥고
2019,4,레종 프렌치블랙
2019,4,홍삼보운
2019,4,닥터지 레드 블레미쉬 멀티 플루이드_100ml
2019,4,참존 마유크림 엑스트라 골든컴플렉스
2019,4,닥터지 레드 블레미쉬 수딩 토너_400ml
2019,4,닥터지 메디유브이 울트라선
2019,4,닥터지 블랙 스네일 크림_50ml
2019,4,참이슬fresh
2019,4,코카콜라
2019,4,카스맥주(캔)
2019,4,석수
2019,4,제주삼다수 500ml
2019,4,메디힐 더블유에이치피 미백수분 블랙 마스크 이엑스
2019,4,칠성사이다(캔)
2019,4,포카리캔
2019,4,육개장사발면
2019,5,닥터지 블랙 스네일 크림_50ml
2019,5,Dr.G레드-블래미쉬클리어크림_70ml
2019,5,말보로 골드 오리지널
2019,5,홍삼정옥고
2019,5,닥터지 메디유브이 울트라선
2019,5,레종 프렌치블랙
2019,5,홍삼보운
2019,5,닥터지 레드 블레미쉬 멀티 플루이드_100ml
2019,5,닥터지 레드 블레미쉬 수딩 토너_400ml
2019,5,홍삼원세트
2019,5,닥터지 블랙 스네일 크림_50ml
2019,5,코카콜라
2019,5,카스맥주(캔)
2019,5,참이슬fresh
2019,5,포카리캔
2019,5,포카리스웨트 분말
2019,5,제주삼다수 500ml
2019,5,메디힐 더블유에이치피 미백수분 블랙 마스크 이엑스
2019,5,칠성사이다(캔)
2019,5,파워에이드마운틴블라스트
2019,6,닥터지 블랙 스네일 크림_50ml
2019,6,Dr.G레드-블래미쉬클리어크림_70ml
2019,6,말보로 골드 오리지널
2019,6,홍삼정옥고
2019,6,레종 프렌치블랙
2019,6,닥터지 메디유브이 울트라선
2019,6,닥터지 레드 블레미쉬 수딩 토너_400ml
2019,6,닥터지 레드 블레미쉬 멀티 플루이드_100ml
2019,6,홍삼보운
2019,6,카스맥주(캔)
2019,6,카스맥주(캔)
2019,6,코카콜라
2019,6,닥터지 블랙 스네일 크림_50ml
2019,6,참이슬fresh
2019,6,포카리캔
2019,6,포카리스웨트 분말
2019,6,제주삼다수 500ml
2019,6,메디힐 더블유에이치피 미백수분 블랙 마스크 이엑스
2019,6,석수
2019,6,육개장사발면
2019,7,카스맥주(캔)
2019,7,닥터지 메디유브이 울트라선
2019,7,닥터지 레드 블레미쉬 수딩 토너_400ml
2019,7,닥터지 레드 블레미쉬 멀티 플루이드_100ml
2019,7,홍삼보운
2019,7,닥터지 블랙 스네일 크림_50ml
2019,7,Dr.G레드-블래미쉬클리어크림_70ml
2019,7,말보로 골드 오리지널
2019,7,레종 프렌치블랙
2019,7,홍삼정옥고
2019,7,포카리캔
2019,7,포카리스웨트 분말
2019,7,석수
2019,7,메디힐 더블유에이치피 미백수분 블랙 마스크 이엑스
2019,7,칠성사이다(캔)
2019,7,카스맥주(캔)
2019,7,코카콜라
2019,7,참이슬fresh
2019,7,닥터지 블랙 스네일 크림_50ml
2019,7,제주삼다수 500ml
2019,8,홍삼정옥고
2019,8,레종 프렌치블랙
2019,8,카스맥주(캔)
2019,8,닥터지 레드 블레미쉬 수딩 토너_400ml
2019,8,닥터지 레드 블레미쉬 멀티 플루이드_100ml
2019,8,닥터지 블랙 스네일 크림_50ml
2019,8,홍삼원세트
2019,8,Dr.G레드-블래미쉬클리어크림_70ml
2019,8,말보로 골드 오리지널
2019,8,홍삼보운
2019,8,육개장사발면
2019,8,석수
2019,8,신라면
2019,8,칠성사이다(캔)
2019,8,파워에이드마운틴블라스트
2019,8,카스맥주(캔)
2019,8,코카콜라
2019,8,참이슬fresh
2019,8,닥터지 블랙 스네일 크림_50ml
2019,8,제주삼다수 500ml
2019,9,말보로 골드 오리지널
2019,9,레종 프렌치블랙
2019,9,닥터지 레드 블레미쉬 멀티 플루이드_100ml
2019,9,닥터지 레드 블레미쉬 수딩 토너_400ml
2019,9,레종 휘바
2019,9,닥터지 블랙 스네일 크림_50ml
2019,9,홍삼원세트
2019,9,홍삼보운
2019,9,홍삼정옥고
2019,9,Dr.G레드-블래미쉬클리어크림_70ml
2019,9,신라면
2019,9,메디힐 더블유에이치피 미백수분 블랙 마스크 이엑스
2019,9,육개장사발면
2019,9,석수
2019,9,칠성사이다(캔)
2019,9,카스맥주(캔)
2019,9,닥터지 블랙 스네일 크림_50ml
2019,9,참이슬fresh
2019,9,코카콜라
2019,9,제주삼다수 500ml
2019,10,레종 휘바
2019,10,닥터지 레드 블레미쉬 멀티 플루이드_100ml
2019,10,닥터지 레드 블레미쉬 수딩 토너_400ml
2019,10,홍삼보운
2019,10,카스맥주(캔)
2019,10,닥터지 블랙 스네일 크림_50ml
2019,10,Dr.G레드-블래미쉬클리어크림_70ml
2019,10,말보로 골드 오리지널
2019,10,홍삼정옥고
2019,10,레종 프렌치블랙
2019,10,신라면
2019,10,제주삼다수 500ml
2019,10,메디힐 더블유에이치피 미백수분 블랙 마스크 이엑스
2019,10,석수 500ml
2019,10,칠성사이다(캔)
2019,10,카스맥주(캔)
2019,10,닥터지 블랙 스네일 크림_50ml
2019,10,참이슬fresh
2019,10,코카콜라
2019,10,육개장사발면
2019,11,홍삼정옥고
2019,11,말보로 골드 오리지널
2019,11,닥터지 레드 블레미쉬 멀티 플루이드_100ml
2019,11,닥터지 레드 블레미쉬 수딩 토너_400ml
2019,11,레종 프렌치블랙
2019,11,참존 마유크림 엑스트라 골든컴플렉스
2019,11,홍삼보운
2019,11,레종 휘바
2019,11,닥터지 블랙 스네일 크림_50ml
2019,11,Dr.G레드-블래미쉬클리어크림_70ml
2019,11,신라면
2019,11,육개장사발면
2019,11,제주삼다수 500ml
2019,11,메디힐 더블유에이치피 미백수분 블랙 마스크 이엑스
2019,11,석수 500ml
2019,11,보온대
2019,11,닥터지 블랙 스네일 크림_50ml
2019,11,참이슬fresh
2019,11,카스맥주(캔)
2019,11,코카콜라 250ML
2019,12,참존 마유크림 엑스트라 골든컴플렉스
2019,12,닥터지 레드 블레미쉬 수딩 토너_400ml
2019,12,홍삼보운
2019,12,홍삼원세트
2019,12,레종 프렌치블랙
2019,12,닥터지 블랙 스네일 크림_50ml
2019,12,Dr.G레드-블래미쉬클리어크림_70ml
2019,12,홍삼정옥고
2019,12,말보로 골드 오리지널
2019,12,닥터지 레드 블레미쉬 멀티 플루이드_100ml
2019,12,신라면
2019,12,보온대(충성핫팩)주머니난로
2019,12,보온대(박상병핫팩)
2019,12,육개장사발면
2019,12,메디힐 더블유에이치피 미백수분 블랙 마스크 이엑스
2019,12,보온대
2019,12,닥터지 블랙 스네일 크림_50ml
2019,12,참이슬fresh
2019,12,카스맥주(캔)
2019,12,코카콜라 250ML
2020,1,닥터지 레드 블레미쉬 멀티 플루이드_100ml
2020,1,참존 마유크림 엑스트라 골든컴플렉스
2020,1,말보로 골드 오리지널
2020,1,닥터지 레드 블레미쉬 수딩 토너_400ml
2020,1,레종 프렌치블랙
2020,1,닥터지 블랙 스네일 크림_50ml
2020,1,홍삼원세트
2020,1,홍삼보운
2020,1,홍삼진고
2020,1,Dr.G레드-블래미쉬클리어크림_70ml
2020,1,보온대
2020,1,육개장사발면
2020,1,메디힐 더블유에이치피 미백수분 블랙 마스크 이엑스
2020,1,제주삼다수 500ml
2020,1,맛있는오뚜기밥
2020,1,닥터지 블랙 스네일 크림_50ml
2020,1,참이슬fresh
2020,1,카스맥주(캔)
2020,1,코카콜라 250ML
2020,1,신라면
2020,2,레종 프렌치블랙
2020,2,닥터지 레드 블레미쉬 멀티 플루이드_100ml
2020,2,레종 휘바
2020,2,에쎄 체인지 히말라야
2020,2,닥터지 레드 블레미쉬 수딩 토너_400ml
2020,2,닥터지 블랙 스네일 크림_50ml
2020,2,Dr.G레드-블래미쉬클리어크림_70ml
2020,2,말보로 골드 오리지널
2020,2,메디힐 캘러스 멀티 골드 리프팅 크림
2020,2,홍삼진고
2020,2,신라면
2020,2,육개장사발면
2020,2,맛있는오뚜기밥
2020,2,제주삼다수 500ml
2020,2,하리보 메가룰렛사우어45g
2020,2,코카콜라 250ML
2020,2,참이슬fresh
2020,2,닥터지 블랙 스네일 크림_50ml
2020,2,카스맥주(캔)
2020,2,씨에스보건용마스크(KF94대형)블랙단품
2020,3,에쎄 체인지 히말라야
2020,3,Dr.G레드-블래미쉬클리어크림_70ml
2020,3,에쎄체인지1mg
2020,3,홍삼진고
2020,3,보헴시가넘버6
2020,3,메디힐 캘러스 멀티 골드 리프팅 크림
2020,3,닥터지 블랙 스네일 크림_50ml
2020,3,말보로 골드 오리지널
2020,3,레종 프렌치블랙
2020,3,레종 휘바
2020,3,육개장사발면
2020,3,신라면
2020,3,몬스터에너지 울트라
2020,3,올리브짜파게티
2020,3,칠성사이다(캔)
2020,3,코카콜라 250ML
2020,3,참이슬fresh(121001)
2020,3,테라캔 355ml
2020,3,맛있는오뚜기밥
2020,3,카스맥주(캔)
2020,4,레종 휘바
2020,4,홍삼진고
2020,4,에쎄 체인지 히말라야
2020,4,에쎄체인지1mg
2020,4,참이슬fresh
2020,4,메디힐 캘러스 멀티 골드 리프팅 크림
2020,4,닥터지 블랙 스네일 크림_50ml
2020,4,말보로 골드 오리지널
2020,4,레종 프렌치블랙
2020,4,Dr.G레드-블래미쉬클리어크림_70ml
2020,4,맛있는오뚜기밥
2020,4,육개장사발면
2020,4,칠성사이다(캔)
2020,4,신라면
2020,4,닥터지 블랙 스네일 크림_50ml
2020,4,코카콜라
2020,4,참이슬fresh
2020,4,카스맥주(캔)
2020,4,테라캔 355ml
2020,4,몬스터에너지 울트라
2020,5,닥터지 레드 블레미쉬 멀티 플루이드_100ml
2020,5,닥터지 레드 블레미쉬 수딩 토너_400ml
2020,5,홍삼보운
2020,5,홍삼원세트
2020,5,레종 프렌치블랙
2020,5,메디힐 캘러스 멀티 골드 리프팅 크림
2020,5,닥터지 블랙 스네일 크림_50ml
2020,5,Dr.G레드-블래미쉬클리어크림_70ml
2020,5,홍삼진고
2020,5,닥터지 메디유브이 울트라선
2020,5,몬스터에너지 울트라
2020,5,육개장사발면
2020,5,제주삼다수 500ml
2020,5,칠성사이다(캔)
2020,5,신라면
2020,5,테라캔 355ml
2020,5,참이슬fresh
2020,5,카스맥주(캔)
2020,5,코카콜라
2020,5,닥터지 블랙 스네일 크림_50ml
2020,6,말보로 골드 오리지널
2020,6,에쎄 체인지 히말라야
2020,6,레종 프렌치블랙
2020,6,카스맥주(캔)
2020,6,닥터지 레드 블레미쉬 수딩 토너_400ml
2020,6,메디힐 캘러스 멀티 골드 리프팅 크림
2020,6,닥터지 블랙 스네일 크림_50ml
2020,6,Dr.G레드-블래미쉬클리어크림_70ml
2020,6,홍삼진고
2020,6,닥터지 메디유브이 울트라선
2020,6,몬스터에너지 울트라
2020,6,육개장사발면
2020,6,파워에이드마운틴블라스트
2020,6,석수
2020,6,칠성사이다(캔)
2020,6,테라캔 355ml
2020,6,코카콜라
2020,6,참이슬fresh
2020,6,카스맥주(캔)
2020,6,제주삼다수 500ml
2020,7,카스맥주(캔)
2020,7,말보로 골드 오리지널
2020,7,레종 프렌치블랙
2020,7,참이슬fresh
2020,7,에쎄체인지1mg
2020,7,메디힐 캘러스 멀티 골드 리프팅 크림
2020,7,닥터지 블랙 스네일 크림_50ml
2020,7,Dr.G레드-블래미쉬클리어크림_70ml
2020,7,홍삼진고
2020,7,에쎄 체인지 히말라야
2020,7,제주삼다수 500ml
2020,7,육개장사발면
2020,7,포카리캔
2020,7,신라면
2020,7,칠성사이다(캔)
2020,7,테라캔 355ml
2020,7,카스맥주(캔)
2020,7,참이슬fresh
2020,7,코카콜라
2020,7,몬스터에너지 울트라
2020,8,레종 프렌치블랙
2020,8,홍삼진고
2020,8,레종 휘바
2020,8,에쎄체인지1mg
2020,8,카스맥주(캔)
2020,8,메디힐 캘러스 멀티 골드 리프팅 크림
2020,8,닥터지 블랙 스네일 크림_50ml
2020,8,에쎄 체인지 히말라야
2020,8,Dr.G레드-블래미쉬클리어크림_70ml
2020,8,말보로 골드 오리지널
2020,8,육개장사발면
2020,8,맛있는오뚜기밥
2020,8,제주삼다수 500ml
2020,8,칠성사이다(캔)
2020,8,신라면
2020,8,테라캔 355ml
2020,8,카스맥주(캔)
2020,8,참이슬fresh
2020,8,코카콜라
2020,8,몬스터에너지 울트라
2020,9,에쎄 체인지 히말라야
2020,9,Dr.G레드-블래미쉬클리어크림_70ml
2020,9,말보로 골드 오리지널
2020,9,참이슬fresh
2020,9,레종 프렌치블랙
2020,9,메디힐 캘러스 멀티 골드 리프팅 크림
2020,9,홍삼원세트
2020,9,닥터지 블랙 스네일 크림_50ml
2020,9,홍삼보운
2020,9,홍삼진고
2020,9,보온대
2020,9,육개장사발면
2020,9,맛있는오뚜기밥
2020,9,신라면
2020,9,칠성사이다(캔)
2020,9,테라캔 355ml
2020,9,참이슬fresh
2020,9,카스맥주(캔)
2020,9,코카콜라
2020,9,몬스터에너지 울트라
2020,10,말보로 골드 오리지널
2020,10,참이슬fresh
2020,10,닥터지 레드 블레미쉬 멀티 플루이드_100ml
2020,10,레종 프렌치블랙
2020,10,닥터지 레드 블레미쉬 수딩 토너_400ml
2020,10,메디힐 캘러스 멀티 골드 리프팅 크림
2020,10,닥터지 블랙 스네일 크림_50ml
2020,10,Dr.G레드-블래미쉬클리어크림_70ml
2020,10,홍삼진고
2020,10,에쎄 체인지 히말라야
2020,10,몬스터에너지 울트라
2020,10,보온대(충성핫팩)주머니난로
2020,10,육개장사발면
2020,10,마이핫보온대(장병용)
2020,10,닥터지 블랙 스네일 크림_50ml
2020,10,테라캔 355ml
2020,10,참이슬fresh
2020,10,보온대
2020,10,코카콜라
2020,10,카스맥주(캔)
2020,11,말보로 골드 오리지널
2020,11,참이슬fresh
2020,11,닥터지 레드 블레미쉬 멀티 플루이드_100ml
2020,11,테라캔 355ml
2020,11,몬스터에너지 울트라
2020,11,메디힐 캘러스 멀티 골드 리프팅 크림
2020,11,닥터지 블랙 스네일 크림_50ml
2020,11,Dr.G레드-블래미쉬클리어크림_70ml
2020,11,홍삼진고
2020,11,에쎄 체인지 히말라야
2020,11,보온대(충성핫팩)주머니난로
2020,11,코카콜라
2020,11,카스맥주(캔)
2020,11,몬스터에너지 울트라
2020,11,육개장사발면
2020,11,보온대
2020,11,테라캔 355ml
2020,11,참이슬fresh
2020,11,보온대(박상병핫팩)
2020,11,닥터지 블랙 스네일 크림_50ml
2020,12,참이슬fresh
2020,12,홍삼진고
2020,12,레종 프렌치블랙
2020,12,몬스터에너지 울트라
2020,12,레종 휘바
2020,12,메디힐 캘러스 멀티 골드 리프팅 크림
2020,12,닥터지 블랙 스네일 크림_50ml
2020,12,에쎄 체인지 히말라야
2020,12,Dr.G레드-블래미쉬클리어크림_70ml
2020,12,말보로 골드 오리지널
2020,12,카스맥주(캔)
2020,12,보온대(충성핫팩)주머니난로
2020,12,육개장사발면
2020,12,신라면
2020,12,맛있는오뚜기밥
2020,12,테라캔 355ml
2020,12,보온대
2020,12,참이슬fresh
2020,12,코카콜라
2020,12,몬스터에너지 울트라
2021,1,말보로 골드 오리지널
2021,1,Dr.G레드-블래미쉬클리어크림_70ml
2021,1,참이슬fresh
2021,1,홍삼진고
2021,1,레종 프렌치블랙
2021,1,메디힐 캘러스 멀티 골드 리프팅 크림
2021,1,닥터지 블랙 스네일 크림_50ml
2021,1,다이아몬드 리페어 퍼펙트 세트
2021,1,에쎄 체인지 히말라야
2021,1,홍삼원세트
2021,1,보온대
2021,1,맛있는오뚜기밥
2021,1,육개장사발면
2021,1,신라면
2021,1,닥터지 블랙 스네일 크림_50ml
2021,1,테라캔 355ml
2021,1,참이슬fresh
2021,1,몬스터에너지 울트라
2021,1,코카콜라
2021,1,카스맥주(캔)
2021,2,에쎄 체인지 히말라야
2021,2,홍삼보운
2021,2,참이슬fresh
2021,2,말보로 골드 오리지널
2021,2,홍삼진고
2021,2,메디힐 캘러스 멀티 골드 리프팅 크림
2021,2,닥터지 블랙 스네일 크림_50ml
2021,2,다이아몬드 리페어 퍼펙트 세트
2021,2,홍삼원세트
2021,2,Dr.G레드-블래미쉬클리어크림_70ml
2021,2,닥터지 블랙 스네일 크림_50ml
2021,2,육개장사발면
2021,2,신라면
2021,2,맛있는오뚜기밥
2021,2,제주삼다수 500ml
2021,2,테라캔 355ml
2021,2,참이슬fresh
2021,2,카스맥주(캔)
2021,2,코카콜라
2021,2,몬스터에너지 울트라
2021,3,참이슬fresh
2021,3,테라캔 355ml
2021,3,몬스터에너지 울트라
2021,3,말보로 골드 오리지널
2021,3,카스맥주(캔)
2021,3,다이아몬드 리페어 퍼펙트 세트
2021,3,닥터지 블랙 스네일 크림_50ml
2021,3,메디힐 캘러스 멀티 골드 리프팅 크림
2021,3,Dr.G레드-블래미쉬클리어크림_70ml
2021,3,에쎄 체인지 히말라야
2021,3,육개장사발면
2021,3,닥터지 블랙 스네일 크림_50ml
2021,3,제주삼다수 500ml
2021,3,맛있는오뚜기밥
2021,3,신라면
2021,3,테라캔 355ml
2021,3,참이슬fresh
2021,3,코카콜라
2021,3,카스맥주(캔)
2021,3,몬스터에너지 울트라
2021,4,참이슬fresh
2021,4,몬스터에너지 울트라
2021,4,테라캔 355ml
2021,4,카스맥주(캔)
2021,4,말보로 골드 오리지널
2021,4,다이아몬드 리페어 퍼펙트 세트
2021,4,닥터지 블랙 스네일 크림_50ml
2021,4,메디힐 캘러스 멀티 골드 리프팅 크림
2021,4,Dr.G레드-블래미쉬클리어크림_70ml
2021,4,에쎄 체인지 히말라야
2021,4,육개장사발면
2021,4,제주삼다수 500ml
2021,4,신라면
2021,4,석수
2021,4,맛있는오뚜기밥
2021,4,테라캔 355ml
2021,4,참이슬fresh
2021,4,코카콜라
2021,4,카스맥주(캔)
2021,4,몬스터에너지 울트라
2021,5,참이슬fresh
2021,5,몬스터에너지 울트라
2021,5,테라캔 355ml
2021,5,카스맥주(캔)
2021,5,말보로 골드 오리지널
2021,5,다이아몬드 리페어 퍼펙트 세트
2021,5,닥터지 블랙 스네일 크림_50ml
2021,5,메디힐 캘러스 멀티 골드 리프팅 크림
2021,5,Dr.G레드-블래미쉬클리어크림_70ml
2021,5,에쎄 체인지 히말라야
2021,5,육개장사발면
2021,5,제주삼다수 500ml
2021,5,칠성사이다(캔)
2021,5,신라면
2021,5,테라캔 500ml
2021,5,테라캔 355ml
2021,5,참이슬fresh
2021,5,카스맥주(캔)
2021,5,몬스터에너지 울트라
2021,5,코카콜라
